State,Year,Urbanity,Unemployment,GDP,Union,Voe,Black_E,Black_M,Hispanic_E,Hispanic_M,White_E,White_M,Totalpop,StudentpopE,StudentpopM
Alabama,2005,10.2,NA,1.2,10.2,NA,NA,NA,NA,NA,NA,NA,NA,NA,NA
Alabama,2006,8.8,NA,1.2,8.8,NA,NA,NA,NA,NA,NA,NA,NA,NA,NA
Alabama,2007,9.5,NA,1.2,9.5,209122,NA,NA,NA,NA,NA,NA,NA,NA,NA
Alabama,2008,9.8,NA,1.2,9.8,196117,NA,NA,NA,NA,NA,NA,NA,NA,NA
Alabama,2009,10.9,10.99167,1.2,10.9,56543,1209938,1955,3174011,629,3256941,2075,4633360,249761,2242
Alabama,2010,10.1,10.54167,1.2,10.1,64906,1232325,2491,3188814,806,3293917,2791,4712651,258284,2041
Alabama,2011,10,9.616667,1.2,10,69338,1244112,1911,3195148,558,3307557,2948,4747424,258361,1967
Alabama,2012,9.2,7.983333,1.2,9.2,72578,1256097,2058,3202443,638,3321318,2989,4777326,255665,2136
Alabama,2013,10.7,9.616667,1.1,10.7,81341,1262152,1952,3205483,720,3326188,3379,4799277,255674,2092
Alabama,2014,10.8,7.216667,1.1,10.8,86270,1269808,2377,3206588,656,3327891,3110,4817678,253992,2377
Alabama,2015,10.2,6.758333,1.1,10.2,78408,1276544,2499,3204989,779,3325464,2653,4830620,254478,2405
Alabama,2016,8.1,5.85,1.1,8.1,91984,1282053,2466,3204335,642,3325037,3152,4841164,254491,2180
Alabama,2017,7.4,4.43333333,1.1,7.4,99003,1287167,2157,3198079,826,3317702,3366,4850771,255751,2212
Alaska,2005,22.8,NA,0.3,22.8,NA,NA,NA,NA,NA,NA,NA,NA,NA,NA
Alaska,2006,22.2,NA,0.3,22.2,NA,NA,NA,NA,NA,NA,NA,NA,NA,NA
Alaska,2007,23.8,NA,0.3,23.8,2396,NA,NA,NA,NA,NA,NA,NA,NA,NA
Alaska,2008,23.5,NA,0.4,23.5,2399,NA,NA,NA,NA,NA,NA,NA,NA,NA
Alaska,2009,22.3,7.733333,0.3,22.3,2265,25161,1070,448329,272,467650,1179,683142,45166,789
Alaska,2010,22.9,7.733333,0.4,22.9,2437,22655,772,444238,808,464150,1037,691189,45235,827
Alaska,2011,22.1,7.566667,0.4,22.1,2122,23426,766,451256,290,472504,1247,700703,44313,827
Alaska,2012,22.4,7.133333,0.4,22.4,2478,24219,796,454689,268,477985,1108,711139,43235,956
Alaska,2013,23.1,7.566667,0.3,23.1,1692,25033,719,457176,256,481638,1000,720316,42985,909
Alaska,2014,22.8,7,0.3,22.8,1550,25148,720,458284,283,484195,1094,728300,42510,898
Alaska,2015,19.6,6.866667,0.3,19.6,1778,25022,803,457470,298,484250,1236,733375,42349,710
Alaska,2016,18.5,6.85,0.3,18.5,1805,24443,787,456575,276,483518,1218,736855,41296,771
Alaska,2017,18.1,6.94166667,0.3,18.1,1697,23702,789,454498,386,481971,1468,738565,41069,818
Arizona,2005,6.1,NA,1.8,6.1,NA,NA,NA,NA,NA,NA,NA,NA,NA,NA
Arizona,2006,7.6,NA,1.8,7.6,NA,NA,NA,NA,NA,NA,NA,NA,NA,NA
Arizona,2007,8.8,NA,1.8,8.8,23405,NA,NA,NA,NA,NA,NA,NA,NA,NA
Arizona,2008,8.8,NA,1.8,8.8,17485,NA,NA,NA,NA,NA,NA,NA,NA,NA
Arizona,2009,6.5,9.925,1.7,6.5,17612,227282,2411,3700053,1302,4906936,9555,6324865,357018,2634
Arizona,2010,6.4,10.35,1.7,6.4,17392,240655,1940,3667031,1205,4883606,9722,6246816,357771,2895
Arizona,2011,6,9.5,1.7,6,18225,252127,2574,3686433,1365,4987541,11355,6337373,361298,2831
Arizona,2012,5.1,8.333333,1.7,5.1,19502,262284,2713,3701932,976,5085954,9399,6410979,361205,2853
Arizona,2013,5,9.5,1.6,5,19675,270027,2633,3716047,1152,5131739,10075,6479703,365236,2748
Arizona,2014,5.3,7.741667,1.6,5.3,20060,274380,2840,3734853,858,5174082,10125,6561516,366883,2733
Arizona,2015,5.2,6.8,1.6,5.2,20089,281576,2672,3752853,834,5210335,10167,6641928,368472,2356
Arizona,2016,4.5,5.4,1.7,4.5,22007,287110,2622,3777876,996,5235158,10338,6728577,371213,2528
Arizona,2017,4,4.89166667,1.7,4,23333,292831,2472,3786418,1010,5277661,9610,6809946,374763,2585
Arkansas,2005,4.8,NA,0.7,4.8,NA,NA,NA,NA,NA,NA,NA,NA,NA,NA
Arkansas,2006,5.1,NA,0.7,5.1,NA,NA,NA,NA,NA,NA,NA,NA,NA,NA
Arkansas,2007,5.4,NA,0.7,5.4,11164,NA,NA,NA,NA,NA,NA,NA,NA,NA
Arkansas,2008,5.9,NA,0.7,5.9,12700,NA,NA,NA,NA,NA,NA,NA,NA,NA
Arkansas,2009,4.2,7.825,0.7,4.2,12135,439355,1554,2149766,827,2228798,3258,2838143,154669,1690
Arkansas,2010,4,8.191667,0.7,4,12458,445197,1336,2158805,657,2253875,2671,2872684,156369,1848
Arkansas,2011,4.2,8.291667,0.7,4.2,11902,449283,1413,2166104,715,2271277,2961,2895928,155611,1667
Arkansas,2012,3.2,7.575,0.7,3.2,15762,453062,1432,2172674,568,2285577,3080,2916372,153653,1777
Arkansas,2013,3.5,8.291667,0.7,3.5,15113,454903,1390,2176057,702,2295446,3204,2933369,153080,1776
Arkansas,2014,4.7,7.216667,0.7,4.7,13440,458136,1600,2178191,774,2306073,3058,2947036,154539,1709
Arkansas,2015,5.1,6.016667,0.7,5.1,14039,459748,1380,2177308,652,2307849,3220,2958208,153879,1694
Arkansas,2016,3.9,3.95,0.6,3.9,12402,460638,1800,2177900,652,2307136,3114,2968472,155003,1642
Arkansas,2017,5.1,3.70833333,0.6,5.1,18079,459969,1706,2174326,629,2302141,3304,2977944,155607,1598
California,2005,16.5,NA,13.5,16.5,NA,NA,NA,NA,NA,NA,NA,NA,NA,NA
California,2006,15.7,NA,13.6,15.7,NA,NA,NA,NA,NA,NA,NA,NA,NA,NA
California,2007,16.7,NA,13.5,16.7,495094,NA,NA,NA,NA,NA,NA,NA,NA,NA
California,2008,18.4,NA,13.5,18.4,549594,NA,NA,NA,NA,NA,NA,NA,NA,NA
California,2009,17.2,11.14167,13.3,17.2,442490,2249404,6553,15446196,3915,22258042,25175,36308527,2275771,6575
California,2010,17.5,12.225,13.2,17.5,423691,2246311,6348,15107042,3490,22392713,29506,36637290,2337406,7585
California,2011,17.1,11.70833,13.2,17.1,390305,2252129,7273,15028200,3218,22860341,31901,36969200,2322261,7062
California,2012,17.2,10.375,13.2,17.2,407498,2254160,6724,14977510,2675,23252553,29024,37325068,2295531,6463
California,2013,16.4,11.70833,13.5,16.4,457151,2255372,5667,14937880,2896,23467167,25133,37659181,2266997,5502
California,2014,16.3,8.941667,13.7,16.3,346502,2262323,6283,14905601,3435,23650913,27619,38066920,2242397,6912
California,2015,15.9,7.5,14,15.9,350239,2265387,6484,14879258,2834,23747013,29085,38421464,2216175,7330
California,2016,15.9,5.483333,14.2,15.9,338163,2261835,5684,14837242,2964,23680584,25774,38654206,2196122,6653
California,2017,15.5,4.78333333,14.4,15.5,529053,2263222,6142,14777594,3202,23607242,32279,38982847,2174435,6696
Colorado,2005,8.3,NA,1.7,8.3,NA,NA,NA,NA,NA,NA,NA,NA,NA,NA
Colorado,2006,7.7,NA,1.7,7.7,NA,NA,NA,NA,NA,NA,NA,NA,NA,NA
Colorado,2007,8.7,NA,1.7,8.7,52339,NA,NA,NA,NA,NA,NA,NA,NA,NA
Colorado,2008,8,NA,1.7,8,85136,NA,NA,NA,NA,NA,NA,NA,NA,NA
Colorado,2009,7,7.3,1.7,7,84570,186598,2470,3450428,1386,4055379,7060,4843211,265414,2408
Colorado,2010,6.6,8.725,1.7,6.6,85280,190598,2125,3451276,1443,4082565,6953,4887061,266442,1820
Colorado,2011,8.2,8.358333,1.7,8.2,87575,195640,1933,3491019,1075,4167044,7114,4966061,268008,2087
Colorado,2012,7.8,7.891667,1.7,7.8,76981,201424,2561,3528458,1228,4243753,7451,5042853,267159,2147
Colorado,2013,7.6,8.358333,1.7,7.6,82394,203755,2252,3567335,1257,4301096,7230,5119329,269935,2121
Colorado,2014,9.5,6.85,1.7,9.5,84022,209062,1875,3605199,1164,4364911,7363,5197580,271312,2065
Colorado,2015,8.4,4.991667,1.7,8.4,87475,213787,2269,3646224,1198,4446095,6344,5278906,274765,2366
Colorado,2016,9.8,3.216667,1.8,9.8,90347,219349,2311,3696127,1256,4517058,5925,5359295,276496,2220
Colorado,2017,9.6,2.7,1.8,9.6,93720,221155,2337,3731976,1143,4576201,6227,5436519,279707,2065
Connecticut,2005,15.9,NA,1.6,15.9,NA,NA,NA,NA,NA,NA,NA,NA,NA,NA
Connecticut,2006,15.6,NA,1.6,15.6,NA,NA,NA,NA,NA,NA,NA,NA,NA,NA
Connecticut,2007,15.6,NA,1.6,15.6,28109,NA,NA,NA,NA,NA,NA,NA,NA,NA
Connecticut,2008,16.9,NA,1.6,16.9,29034,NA,NA,NA,NA,NA,NA,NA,NA,NA
Connecticut,2009,17.3,7.925,1.6,17.3,31890,330186,1973,2584666,1380,2792362,4282,3494487,207145,1663
Connecticut,2010,16.7,9.133333,1.6,16.7,26522,342764,2495,2567005,1173,2795926,5385,3545837,209960,1747
Connecticut,2011,16.8,8.825,1.5,16.8,31799,347941,2516,2554059,1534,2796198,4615,3558172,209837,1670
Connecticut,2012,14,8.35,1.5,14,26913,355660,2388,2542435,1328,2802217,4834,3572213,208060,1782
Connecticut,2013,13.5,8.825,1.5,13.5,10999,361668,2640,2526401,1229,2792554,5501,3583561,207591,1735
Connecticut,2014,14.8,7.808333,1.4,14.8,11490,365871,2458,2508360,979,2789105,4592,3592053,207007,1777
Connecticut,2015,17,6.625,1.4,17,13233,370501,2888,2487119,1188,2778362,5260,3593222,204426,1811
Connecticut,2016,17.5,5.158333,1.4,17.5,42878,372696,2688,2464450,1118,2768080,4629,3588570,201320,1671
Connecticut,2017,16.9,4.7,1.4,16.9,66086,376240,2518,2446049,1131,2757064,5474,3594478,199541,1756
Delaware,2005,11.8,NA,0.4,11.8,NA,NA,NA,NA,NA,NA,NA,NA,NA,NA
Delaware,2006,10.8,NA,0.4,10.8,NA,NA,NA,NA,NA,NA,NA,NA,NA,NA
Delaware,2007,12,NA,0.4,12,9803,NA,NA,NA,NA,NA,NA,NA,NA,NA
Delaware,2008,13.4,NA,0.4,13.4,6487,NA,NA,NA,NA,NA,NA,NA,NA,NA
Delaware,2009,11.9,8.258333,0.4,11.9,8841,176743,1040,590627,415,626289,1481,863832,45088,814
Delaware,2010,11.4,8.416667,0.4,11.4,9728,185253,1144,585658,335,626426,2079,881278,47490,884
Delaware,2011,10.5,7.5,0.4,10.5,8276,188519,1122,586953,511,630804,1740,890856,47878,943
Delaware,2012,10.4,7.208333,0.4,10.4,9868,192629,1420,588086,365,634259,1951,900131,48127,1066
Delaware,2013,10.3,7.5,0.4,10.3,9672,194964,1415,588561,438,635474,2167,908446,47718,893
Delaware,2014,9.9,6.691667,0.4,9.9,9588,198028,1208,590218,363,639354,1962,917060,47595,996
Delaware,2015,9.2,5.716667,0.4,9.2,11631,200481,1327,591922,410,642623,1952,926454,47072,914
Delaware,2016,11.4,4.516667,0.4,11.4,12971,203027,1298,593565,330,647002,1911,934695,47395,964
Delaware,2017,10.7,4.475,0.4,10.7,11644,206290,1405,594911,348,652170,1798,943732,46543,952
District of Columbia,2005,11.3,NA,0.7,11.3,NA,NA,NA,NA,NA,NA,NA,NA,NA,NA
District of Columbia,2006,10.3,NA,0.6,10.3,NA,NA,NA,NA,NA,NA,NA,NA,NA,NA
District of Columbia,2007,10.3,NA,0.7,10.3,930,NA,NA,NA,NA,NA,NA,NA,NA,NA
District of Columbia,2008,12.2,NA,0.7,12.2,946,NA,NA,NA,NA,NA,NA,NA,NA,NA
District of Columbia,2009,10.4,9.275,0.7,10.4,1405,324631,964,187734,413,210983,1634,588433,27219,1039
District of Columbia,2010,9,9.408333,0.7,9,1750,309048,986,194910,280,222375,1552,584400,25788,794
District of Columbia,2011,8.3,10.15833,0.7,8.3,702,308516,871,202229,297,231122,1899,593955,25042,795
District of Columbia,2012,8.6,9.041667,0.7,8.6,615,309263,877,209183,362,239413,1628,605759,25830,895
District of Columbia,2013,9.3,10.15833,0.7,9.3,758,310530,1167,217331,250,248141,1668,619371,24710,850
District of Columbia,2014,8.6,8.491667,0.7,8.6,902,314138,1150,224184,250,254955,2011,633736,24434,849
District of Columbia,2015,10.4,7.766667,0.7,10.4,1077,316447,1266,230489,277,260325,1535,647484,24198,858
District of Columbia,2016,9.5,6.1,0.7,9.5,637,318598,1439,235722,322,266035,1740,659009,24411,690
District of Columbia,2017,9.8,6.05833333,0.7,9.8,370,321062,1247,241901,372,273471,1971,672391,23577,845
Florida,2005,5.4,NA,5.3,5.4,NA,NA,NA,NA,NA,NA,NA,NA,NA,NA
Florida,2006,5.2,NA,5.4,5.2,NA,NA,NA,NA,NA,NA,NA,NA,NA,NA
Florida,2007,5.9,NA,5.3,5.9,89038,NA,NA,NA,NA,NA,NA,NA,NA,NA
Florida,2008,6.4,NA,5.1,6.4,112991,NA,NA,NA,NA,NA,NA,NA,NA,NA
Florida,2009,5.8,10.39167,5,5.8,122882,2799699,6006,11025592,3158,13958847,11044,18222420,929543,5152
Florida,2010,5.6,11.03333,4.9,5.6,128278,2900412,6344,10932256,3187,14115228,11252,18511620,950198,5027
Florida,2011,6.3,9.991667,4.8,6.3,143639,2946899,6667,10917419,3163,14270053,11456,18688787,947097,4797
Florida,2012,5.8,8.483333,4.7,5.8,133149,3005551,7359,10917268,2982,14438364,13090,18885152,942040,4634
Florida,2013,5.4,9.991667,4.8,5.4,127338,3056152,6445,10926354,2435,14568521,10462,19091156,942798,4537
Florida,2014,5.7,7.233333,4.8,5.7,127301,3114841,6863,10958680,3470,14747196,12051,19361792,946234,4383
Florida,2015,6.8,6.275,4.9,6.8,129120,3171108,7647,11013749,2643,14934702,11160,19645772,952670,4666
Florida,2016,5.6,4.816667,5,5.6,133067,3216994,7692,11080426,2714,15130748,12461,19934451,959728,5176
Florida,2017,5.6,4.2,5,5.6,138255,3270863,7591,11124951,2910,15343997,14002,20278447,974449,4889
Georgia,2005,5,NA,3,5,NA,NA,NA,NA,NA,NA,NA,NA,NA,NA
Georgia,2006,4.4,NA,2.9,4.4,NA,NA,NA,NA,NA,NA,NA,NA,NA,NA
Georgia,2007,4.4,NA,2.9,4.4,74543,NA,NA,NA,NA,NA,NA,NA,NA,NA
Georgia,2008,3.7,NA,2.8,3.7,76721,NA,NA,NA,NA,NA,NA,NA,NA,NA
Georgia,2009,4.6,9.933333,2.8,4.6,78831,2818524,3991,5543879,1857,5899345,7911,9497667,553207,3611
Georgia,2010,4,10.49167,2.8,4,80727,2873069,4574,5381770,1799,5788255,7609,9468815,554477,3763
Georgia,2011,3.9,10.23333,2.8,3.9,94172,2922448,4477,5405212,1592,5849795,7911,9600612,556759,3465
Georgia,2012,4.4,9.191667,2.7,4.4,96663,2970481,5081,5424856,1232,5903173,7662,9714569,554877,3888
Georgia,2013,5.3,10.23333,2.7,5.3,104044,3010984,4477,5435939,1291,5948977,7990,9810417,557704,3787
Georgia,2014,4.3,8.2,2.8,4.3,111077,3056726,5304,5448717,1576,5989234,7291,9907756,559190,4304
Georgia,2015,4,7.1,2.8,4,119852,3096757,4598,5460401,1602,6025691,7655,10006693,564811,3722
Georgia,2016,3.9,5.366667,2.9,3.9,130547,3148134,4631,5466239,1743,6039389,7870,10099320,572894,3539
Georgia,2017,4,4.68333333,2.9,4,150603,3195268,4909,5469446,1939,6061821,8022,10201635,583074,3713
Hawaii,2005,25.8,NA,0.5,25.8,NA,NA,NA,NA,NA,NA,NA,NA,NA,NA
Hawaii,2006,24.7,NA,0.5,24.7,NA,NA,NA,NA,NA,NA,NA,NA,NA,NA
Hawaii,2007,23.4,NA,0.5,23.4,9227,NA,NA,NA,NA,NA,NA,NA,NA,NA
Hawaii,2008,24.3,NA,0.5,24.3,1908,NA,NA,NA,NA,NA,NA,NA,NA,NA
Hawaii,2009,23.5,7.125,0.5,23.5,3069,30995,1209,317780,510,344681,1788,1280241,68507,1169
Hawaii,2010,21.8,6.95,0.5,21.8,2421,21170,778,306616,339,333842,1454,1333591,72987,1185
Hawaii,2011,21.5,6.8,0.5,21.5,2778,21628,812,308067,366,335908,1603,1346554,72661,1035
Hawaii,2012,21.6,6.008333,0.5,21.6,3777,22399,796,310367,295,339079,1553,1362730,70693,1105
Hawaii,2013,22.1,6.8,0.5,22.1,4365,24532,890,314177,252,344488,1636,1376298,69050,1234
Hawaii,2014,21.8,4.883333,0.4,21.8,4557,26913,939,318407,200,350634,1887,1392704,67250,1058
Hawaii,2015,20.4,4.358333,0.5,20.4,4302,28688,1003,321832,231,357164,1752,1406299,66205,1068
Hawaii,2016,19.9,2.95,0.5,19.9,4631,25871,823,316285,287,353643,1748,1413673,64985,1028
Hawaii,2017,21.3,2.41666667,0.5,21.3,6556,25884,923,316047,257,357308,1794,1421658,63694,1029
Idaho,2005,5.2,NA,0.4,5.2,NA,NA,NA,NA,NA,NA,NA,NA,NA,NA
Idaho,2006,6,NA,0.4,6,NA,NA,NA,NA,NA,NA,NA,NA,NA,NA
Idaho,2007,5.3,NA,0.4,5.3,5944,NA,NA,NA,NA,NA,NA,NA,NA,NA
Idaho,2008,7.1,NA,0.4,7.1,86955,NA,NA,NA,NA,NA,NA,NA,NA,NA
Idaho,2009,6.3,9,0.4,6.3,89322,9030,740,1271834,563,1374465,2557,1492573,88970,1117
Idaho,2010,7.1,8.966667,0.4,7.1,87256,8674,584,1292746,575,1407354,2546,1526797,91424,1073
Idaho,2011,5.1,8.316667,0.4,5.1,85490,8823,594,1306061,453,1431372,2468,1549987,91222,1043
Idaho,2012,4.8,7.2,0.4,4.8,84447,8821,620,1316166,698,1445289,2528,1567803,91239,1314
Idaho,2013,4.7,8.316667,0.4,4.7,83026,8957,668,1324568,555,1455692,2772,1583364,92004,1354
Idaho,2014,5.3,6.116667,0.4,5.3,83424,9334,579,1333061,471,1468732,2775,1599464,92891,1349
Idaho,2015,6.8,4.833333,0.4,6.8,82692,9900,701,1342562,453,1482914,3009,1616547,94041,1209
Idaho,2016,6.1,3.8,0.4,6.1,86737,10433,701,1355896,322,1493155,3251,1635483,94610,1193
Idaho,2017,4.8,3.225,0.4,4.8,4997,11231,700,1368118,363,1507880,3320,1657375,96513,1102
Illinois,2005,16.9,NA,4.5,16.9,NA,NA,NA,NA,NA,NA,NA,NA,NA,NA
Illinois,2006,16.4,NA,4.5,16.4,NA,NA,NA,NA,NA,NA,NA,NA,NA,NA
Illinois,2007,14.5,NA,4.5,14.5,34428,NA,NA,NA,NA,NA,NA,NA,NA,NA
Illinois,2008,16.6,NA,4.4,16.6,32995,NA,NA,NA,NA,NA,NA,NA,NA,NA
Illinois,2009,17.5,10.2,4.5,17.5,15639,1875767,4113,8330734,2615,9190854,12140,12785043,737669,3859
Illinois,2010,15.5,10.36667,4.4,15.5,35717,1860305,3884,8202650,1787,9136680,10985,12745359,748860,3993
Illinois,2011,16.2,9.691667,4.4,16.2,39961,1859608,4216,8177405,2195,9214977,11056,12790182,745729,3291
Illinois,2012,14.6,8.991667,4.4,14.6,30058,1860471,3820,8149479,2282,9298731,10971,12823860,739425,3790
Illinois,2013,15.8,9.691667,4.4,15.8,34955,1851524,4143,8126804,2071,9320910,12149,12848554,731254,3135
Illinois,2014,15.1,9.041667,4.4,15.1,33916,1849054,4277,8088630,1797,9331376,10145,12868747,722126,3438
Illinois,2015,15.2,7.1,4.4,15.2,29497,1846108,4053,8041878,1771,9312771,10563,12873761,714434,3184
Illinois,2016,14.5,5.808333,4.3,14.5,29950,1837612,4413,7996856,1824,9270907,9534,12851684,703720,3384
Illinois,2017,15,4.90833333,4.2,15,36607,1833501,3693,7955484,1458,9236701,10918,12854526,697554,3065
Indiana,2005,12.4,NA,1.9,12.4,NA,NA,NA,NA,NA,NA,NA,NA,NA,NA
Indiana,2006,12,NA,1.8,12,NA,NA,NA,NA,NA,NA,NA,NA,NA,NA
Indiana,2007,12,NA,1.9,12,4292,NA,NA,NA,NA,NA,NA,NA,NA,NA
Indiana,2008,12.4,NA,1.9,12.4,111923,NA,NA,NA,NA,NA,NA,NA,NA,NA
Indiana,2009,10.6,10.29167,1.8,10.6,38281,548998,2392,5278779,1505,5436153,3695,6342469,351748,2082
Indiana,2010,10.9,10.34167,1.9,10.9,37068,572352,2996,5271451,1442,5461258,3680,6417398,362412,2349
Indiana,2011,11.3,9.108333,1.9,11.3,15510,576304,2887,5279665,1266,5482893,5087,6454254,362033,2529
Indiana,2012,9.1,8.35,1.8,9.1,18619,582691,2588,5284553,1323,5500814,3998,6485530,361840,2363
Indiana,2013,9.3,9.108333,1.8,9.3,18549,592954,2687,5286405,1279,5510618,4849,6514861,360227,2370
Indiana,2014,10.7,7.633333,1.9,10.7,18602,598423,2826,5286730,1063,5519313,4097,6542411,360407,2196
Indiana,2015,10,5.958333,1.8,10,18119,603014,2991,5288121,1149,5529201,4887,6568645,360382,2449
Indiana,2016,10.4,4.425,1.8,10.4,18741,608226,2970,5284680,1026,5534759,3497,6589578,360092,2651
Indiana,2017,8.9,3.54166667,1.8,8.9,19343,613060,3103,5280583,999,5546787,4163,6614418,359904,2371
Iowa,2005,11.5,NA,0.9,11.5,NA,NA,NA,NA,NA,NA,NA,NA,NA,NA
Iowa,2006,11.3,NA,0.9,11.3,NA,NA,NA,NA,NA,NA,NA,NA,NA,NA
Iowa,2007,10.5,NA,0.9,10.5,68490,NA,NA,NA,NA,NA,NA,NA,NA,NA
Iowa,2008,10.6,NA,0.9,10.6,74611,NA,NA,NA,NA,NA,NA,NA,NA,NA
Iowa,2009,11.1,6.391667,0.9,11.1,69463,72103,1318,2693023,609,2759828,2112,2978880,171064,1570
Iowa,2010,11.4,6.008333,0.9,11.4,70079,82682,1708,2696669,529,2773410,2292,3016267,171807,1740
Iowa,2011,11.2,5.525,0.9,11.2,68599,85714,1458,2698533,544,2782349,2478,3032266,169027,1380
Iowa,2012,10.4,5.033333,1,10.4,68885,88664,1277,2700729,548,2793432,2441,3047646,166391,1507
Iowa,2013,10.1,5.525,1,10.1,74771,91754,1445,2702157,583,2802839,2291,3062553,164467,1477
Iowa,2014,10.7,4.733333,1,10.7,52612,95716,1512,2702644,501,2813097,3001,3078116,162407,1214
Iowa,2015,9.6,4.241667,1,9.6,61431,97788,1575,2703612,476,2820046,2376,3093526,161166,1574
Iowa,2016,8.9,3.583333,1,8.9,52592,103052,1489,2701600,671,2823890,2504,3106589,159813,1515
Iowa,2017,7,3.09166667,0.9,7,64130,106762,1478,2697252,572,2824197,2432,3118102,159487,1514
Kansas,2005,7,NA,0.8,7,NA,NA,NA,NA,NA,NA,NA,NA,NA,NA
Kansas,2006,8,NA,0.8,8,NA,NA,NA,NA,NA,NA,NA,NA,NA,NA
Kansas,2007,7,NA,0.8,7,16649,NA,NA,NA,NA,NA,NA,NA,NA,NA
Kansas,2008,7,NA,0.9,7,11858,NA,NA,NA,NA,NA,NA,NA,NA,NA
Kansas,2009,6.2,6.866667,0.9,6.2,10633,157121,1743,2237907,1271,2382407,3071,2777835,159374,1389
Kansas,2010,6.8,7.058333,0.9,6.8,8881,161768,1724,2220952,1190,2391786,3449,2809329,163042,1618
Kansas,2011,7.6,6.491667,0.9,7.6,4900,163063,1919,2225141,634,2412703,3632,2830985,160849,1557
Kansas,2012,6.8,5.733333,0.9,6.8,7617,164177,1657,2229454,425,2435253,3264,2851183,159395,1514
Kansas,2013,7.5,6.491667,0.9,7.5,7881,164299,1758,2230704,498,2449273,3096,2868107,160051,1250
Kansas,2014,7.4,5.308333,0.8,7.4,8540,167220,1671,2231182,373,2457815,3157,2882946,159807,1293
Kansas,2015,8.7,4.533333,0.8,8.7,8540,168402,1874,2228789,395,2464566,3155,2892987,161109,1469
Kansas,2016,8.6,4.033333,0.8,8.6,18985,167706,1843,2227043,427,2468923,3161,2898292,161415,1363
Kansas,2017,7.8,3.65833333,0.8,7.8,23330,168470,1781,2220256,633,2465518,3736,2903820,159435,1490
Kentucky,2005,9.7,NA,1.1,9.7,NA,NA,NA,NA,NA,NA,NA,NA,NA,NA
Kentucky,2006,9.8,NA,1.1,9.8,NA,NA,NA,NA,NA,NA,NA,NA,NA,NA
Kentucky,2007,9.1,NA,1.1,9.1,34700,NA,NA,NA,NA,NA,NA,NA,NA,NA
Kentucky,2008,8.6,NA,1.1,8.6,34343,NA,NA,NA,NA,NA,NA,NA,NA,NA
Kentucky,2009,8.6,10.33333,1.1,8.6,30151,318974,2276,3727319,978,3783499,2235,4252000,228975,2202
Kentucky,2010,8.9,10.16667,1.1,8.9,143173,330764,2502,3724731,770,3792514,2286,4285828,232715,1892
Kentucky,2011,8.9,9.375,1.1,8.9,28691,336628,2176,3737269,851,3808381,2243,4316040,232765,2154
Kentucky,2012,10,8.166667,1.1,10,30994,339228,2239,3746258,706,3823344,2401,4340167,229226,2073
Kentucky,2013,11.2,9.375,1.1,11.2,31956,341576,2365,3753192,715,3835013,2341,4361333,227432,1860
Kentucky,2014,11,8.016667,1.1,11,35312,345035,2452,3760868,983,3845535,2773,4383272,226469,1846
Kentucky,2015,11,6.458333,1.1,11,37058,347034,2166,3762154,913,3851591,2662,4397353,226997,1894
Kentucky,2016,11.1,5.141667,1,11.1,34542,350242,2279,3766346,694,3859516,2301,4411989,226312,1690
Kentucky,2017,9.6,4.90833333,1,9.6,40673,353088,2081,3764473,876,3862600,2358,4424376,225946,1866
Louisiana,2005,6.4,NA,1.5,6.4,NA,NA,NA,NA,NA,NA,NA,NA,NA,NA
Louisiana,2006,6.4,NA,1.5,6.4,NA,NA,NA,NA,NA,NA,NA,NA,NA,NA
Louisiana,2007,5.6,NA,1.4,5.6,28871,NA,NA,NA,NA,NA,NA,NA,NA,NA
Louisiana,2008,4.6,NA,1.5,4.6,33146,NA,NA,NA,NA,NA,NA,NA,NA,NA
Louisiana,2009,5.8,6.825,1.4,5.8,30205,1405639,2665,2729272,800,2821956,2184,4411546,248994,2267
Louisiana,2010,4.3,7.95,1.5,4.3,35373,1405685,2277,2711272,636,2819074,2593,4429940,244732,2300
Louisiana,2011,4.5,7.833333,1.5,4.5,340,1429820,2480,2722640,702,2838981,2872,4484596,244256,2327
Louisiana,2012,6.2,7.091667,1.4,6.2,45397,1450992,2395,2732796,768,2856883,3051,4529605,240040,2240
Louisiana,2013,4.3,7.833333,1.4,4.3,50558,1463345,2477,2742184,706,2874235,2985,4567968,237445,2261
Louisiana,2014,5.2,6.675,1.4,5.2,49645,1477781,1844,2748538,655,2890570,2598,4601049,235122,2343
Louisiana,2015,5.8,6.366667,1.3,5.8,53242,1484363,2807,2751183,818,2902538,2855,4625253,237406,2230
Louisiana,2016,4.2,6.066667,1.2,4.2,59551,1494201,2712,2754643,727,2909290,2751,4645670,239185,2450
Louisiana,2017,4.4,5.125,1.2,4.4,57711,1500648,2983,2752253,721,2909599,3449,4663461,239206,2539
Maine,2005,11.9,NA,0.4,11.9,NA,NA,NA,NA,NA,NA,NA,NA,NA,NA
Maine,2006,11.9,NA,0.3,11.9,NA,NA,NA,NA,NA,NA,NA,NA,NA,NA
Maine,2007,11.7,NA,0.3,11.7,6589,NA,NA,NA,NA,NA,NA,NA,NA,NA
Maine,2008,12.3,NA,0.3,12.3,2824,NA,NA,NA,NA,NA,NA,NA,NA,NA
Maine,2009,11.7,8.083333,0.3,11.7,3301,15458,995,1244125,1341,1254176,1530,1316380,72720,973
Maine,2010,11.6,8.125,0.3,11.6,3788,13903,606,1258372,273,1268805,770,1327665,72533,949
Maine,2011,11.3,7.891667,0.3,11.3,3414,13979,659,1256736,256,1268113,758,1328543,69944,878
Maine,2012,11.5,7.466667,0.3,11.5,3650,14338,668,1254741,265,1266435,711,1329084,68681,909
Maine,2013,11.1,7.891667,0.3,11.1,3569,14637,694,1251964,266,1264047,654,1328320,67844,936
Maine,2014,11,6.65,0.3,11,3582,14865,590,1249385,393,1262817,710,1328535,66083,988
Maine,2015,11.6,5.608333,0.3,11.6,3760,15037,581,1247808,302,1262026,575,1329100,65454,937
Maine,2016,11.4,3.783333,0.3,11.4,3732,16303,640,1246606,413,1260476,762,1329923,65041,874
Maine,2017,11.4,3.4,0.3,11.4,3705,16906,680,1244859,288,1258918,604,1330158,64389,1180
Maryland,2005,13.3,NA,2,13.3,NA,NA,NA,NA,NA,NA,NA,NA,NA,NA
Maryland,2006,13.1,NA,2,13.1,NA,NA,NA,NA,NA,NA,NA,NA,NA,NA
Maryland,2007,12.9,NA,2,12.9,25588,NA,NA,NA,NA,NA,NA,NA,NA,NA
Maryland,2008,12.6,NA,2,12.6,26874,NA,NA,NA,NA,NA,NA,NA,NA,NA
Maryland,2009,12.6,7.016667,2.1,12.6,38655,1625880,3181,3255131,1167,3433516,4528,5637418,329516,2251
Maryland,2010,11.6,7.65,2.1,11.6,28161,1665235,3361,3179571,1265,3396216,4623,5696423,333049,2345
Maryland,2011,12.4,7.25,2.1,12.4,23511,1683842,3687,3167532,1227,3397326,4597,5736545,328707,2251
Maryland,2012,10.6,6.966667,2.1,10.6,24448,1700174,3152,3163295,1110,3408049,4986,5785496,324287,2296
Maryland,2013,11.6,7.25,2,11.6,19198,1717582,3685,3158454,961,3406243,5364,5834299,319395,2092
Maryland,2014,11.9,6.566667,2,11.9,24142,1737155,3714,3153084,984,3418336,5975,5887776,315438,2472
Maryland,2015,10.4,5.816667,2,10.4,23966,1750916,3578,3144084,1117,3416107,5380,5930538,313669,2294
Maryland,2016,11,4.441667,2.1,11,23885,1765926,3836,3128390,1068,3408240,4740,5959902,311720,2418
Maryland,2017,10.8,4.24166667,2,10.8,29512,1782256,3712,3109275,1123,3395212,5083,5996079,310812,1942
Massachusetts,2005,13.9,NA,2.7,13.9,NA,NA,NA,NA,NA,NA,NA,NA,NA,NA
Massachusetts,2006,14.5,NA,2.6,14.5,NA,NA,NA,NA,NA,NA,NA,NA,NA,NA
Massachusetts,2007,13.2,NA,2.6,13.2,24248,NA,NA,NA,NA,NA,NA,NA,NA,NA
Massachusetts,2008,15.7,NA,2.6,15.7,23182,NA,NA,NA,NA,NA,NA,NA,NA,NA
Massachusetts,2009,16.6,8.1,2.7,16.6,23476,399224,3421,5140201,2906,5390474,5840,6511176,352773,2323
Massachusetts,2010,14.5,8.291667,2.7,14.5,23480,422303,3870,5013857,2354,5289078,5210,6477096,349445,2358
Massachusetts,2011,14.6,7.241667,2.7,14.6,23897,431907,3982,5005318,2461,5294754,5821,6512227,347872,2434
Massachusetts,2012,14.4,6.658333,2.7,14.4,23563,446347,3414,5006403,2163,5310948,6181,6560595,343734,1846
Massachusetts,2013,13.7,7.241667,2.7,13.7,23406,454887,2824,5000518,2070,5318548,5743,6605058,342687,2398
Massachusetts,2014,13.7,6.716667,2.7,13.7,23485,465792,3554,4992644,1806,5326774,6006,6657291,343154,2490
Massachusetts,2015,12.9,5.75,2.8,12.9,24624,478947,3918,4982325,2412,5334859,5531,6705586,342333,2077
Massachusetts,2016,12.1,3.883333,2.8,12.1,25582,489233,3521,4970011,2232,5343665,5885,6742143,343004,2123
Massachusetts,2017,12.4,3.75833333,2.8,12.4,25332,499774,4178,4952367,2312,5358373,5778,6789319,343788,2356
Michigan,2005,20.5,NA,3,20.5,NA,NA,NA,NA,NA,NA,NA,NA,NA,NA
Michigan,2006,19.6,NA,2.9,19.6,NA,NA,NA,NA,NA,NA,NA,NA,NA,NA
Michigan,2007,19.5,NA,2.8,19.5,87147,NA,NA,NA,NA,NA,NA,NA,NA,NA
Michigan,2008,18.8,NA,2.6,18.8,53695,NA,NA,NA,NA,NA,NA,NA,NA,NA
Michigan,2009,18.8,13.60833,2.5,18.8,54770,1405515,3093,7783617,1250,7999359,4088,10039208,613200,3267
Michigan,2010,16.5,12.575,2.6,16.5,53424,1401616,2910,7654981,1208,7895340,3932,9952687,615331,2903
Michigan,2011,17.5,10.39167,2.6,17.5,55688,1395245,3479,7609623,1034,7869573,3926,9920621,599406,2649
Michigan,2012,16.6,9.125,2.6,16.6,53476,1391269,3110,7573403,893,7852317,4441,9897264,583131,2254
Michigan,2013,16.3,10.39167,2.6,16.3,52734,1385154,3290,7546578,1001,7841011,3653,9886095,568969,2283
Michigan,2014,14.5,8.783333,2.6,14.5,52237,1383205,3858,7526388,933,7829621,3439,9889024,559335,2508
Michigan,2015,15.2,7.233333,2.6,15.2,67889,1381388,2978,7513622,1156,7823875,3726,9900571,550696,2746
Michigan,2016,14.4,5,2.6,14.4,77381,1376446,4001,7503076,1114,7817827,3664,9909600,543029,2811
Michigan,2017,15.6,4.59166667,2.6,15.6,80089,1374515,3477,7493362,987,7813199,3658,9925568,538584,2357
Minnesota,2005,15.7,NA,1.9,15.7,NA,NA,NA,NA,NA,NA,NA,NA,NA,NA
Minnesota,2006,16,NA,1.8,16,NA,NA,NA,NA,NA,NA,NA,NA,NA,NA
Minnesota,2007,16.3,NA,1.8,16.3,29322,NA,NA,NA,NA,NA,NA,NA,NA,NA
Minnesota,2008,16.1,NA,1.8,16.1,35622,NA,NA,NA,NA,NA,NA,NA,NA,NA
Minnesota,2009,15.1,7.766667,1.8,15.1,92992,224453,2028,4429663,994,4551190,2858,5188581,301915,1745
Minnesota,2010,15.6,7.391667,1.8,15.6,80973,257165,2154,4396841,692,4539826,3116,5241914,306460,1709
Minnesota,2011,15.1,6.491667,1.8,15.1,74108,264751,2264,4404588,720,4556910,3177,5278190,301179,1651
Minnesota,2012,14.2,5.608333,1.8,14.2,71303,271953,2334,4410412,718,4570137,3203,5313081,297803,1979
Minnesota,2013,14.3,6.491667,1.8,14.3,74582,279944,2072,4416170,864,4575991,3601,5347740,295391,1801
Minnesota,2014,14.2,4.958333,1.8,14.2,87813,290545,2339,4421799,814,4585781,3008,5383661,293488,1678
Minnesota,2015,14.2,4.158333,1.8,14.2,89271,299176,2218,4427809,872,4594367,3984,5419171,292631,1724
Minnesota,2016,14.2,3.866667,1.8,14.2,89487,310853,2649,4432384,754,4597525,3453,5450868,292619,1910
Minnesota,2017,15.2,3.40833333,1.8,15.2,91722,326953,3158,4434473,817,4598252,3575,5490726,293919,1827
Mississippi,2005,7.1,NA,0.6,7.1,NA,NA,NA,NA,NA,NA,NA,NA,NA,NA
Mississippi,2006,5.6,NA,0.6,5.6,NA,NA,NA,NA,NA,NA,NA,NA,NA,NA
Mississippi,2007,6.7,NA,0.6,6.7,8261,NA,NA,NA,NA,NA,NA,NA,NA,NA
Mississippi,2008,5.3,NA,0.7,5.3,9229,NA,NA,NA,NA,NA,NA,NA,NA,NA
Mississippi,2009,4.8,9.475,0.6,4.8,7645,1081589,2074,1719016,399,1752786,1349,2922240,170239,1887
Mississippi,2010,4.5,10.35833,0.6,4.5,7338,1088270,1828,1722204,474,1761910,1721,2941991,171522,1800
Mississippi,2011,5,9.983333,0.6,5,7550,1094596,2216,1722204,434,1767875,2282,2956700,170191,2061
Mississippi,2012,4.3,9,0.6,4.3,8143,1101849,2270,1721075,435,1768530,1906,2967620,169823,1836
Mississippi,2013,3.7,9.983333,0.6,3.7,7705,1106982,2132,1720552,659,1769766,2112,2976872,167133,2059
Mississippi,2014,3.7,8.533333,0.6,3.7,8317,1113652,2243,1718713,395,1769693,2111,2984345,164091,1855
Mississippi,2015,5.4,7.491667,0.6,5.4,8816,1116457,1738,1714674,336,1768174,1866,2988081,163382,1620
Mississippi,2016,6.6,5.825,0.6,6.6,9561,1121327,2072,1710126,422,1764038,1750,2989192,163174,1737
Mississippi,2017,5.3,5.1,0.6,5.3,9561,1122576,2133,1702268,609,1755471,1788,2986220,161892,2251
Missouri,2005,11.5,NA,1.7,11.5,NA,NA,NA,NA,NA,NA,NA,NA,NA,NA
Missouri,2006,10.9,NA,1.7,10.9,NA,NA,NA,NA,NA,NA,NA,NA,NA,NA
Missouri,2007,10.7,NA,1.7,10.7,24470,NA,NA,NA,NA,NA,NA,NA,NA,NA
Missouri,2008,11.2,NA,1.7,11.2,25128,NA,NA,NA,NA,NA,NA,NA,NA,NA
Missouri,2009,9.4,9.258333,1.7,9.4,36152,658633,2085,4846155,1531,4955606,2724,5904382,332279,2209
Missouri,2010,9.9,9.575,1.7,9.9,26691,679062,2375,4818816,1301,4938222,3630,5922314,333947,2208
Missouri,2011,10.9,8.491667,1.7,10.9,27405,686044,2432,4829636,1463,4957147,3144,5955802,330264,2211
Missouri,2012,8.9,6.975,1.7,8.9,25983,689683,2218,4840138,1123,4972530,2888,5982413,325062,2490
Missouri,2013,8.6,8.491667,1.7,8.6,25622,691128,2696,4847928,1291,4984653,3185,6007182,320051,2165
Missouri,2014,8.4,6.733333,1.6,8.4,27112,695813,2952,4851262,942,4991914,3153,6028076,316222,2251
Missouri,2015,8.8,6.133333,1.6,8.8,28024,697022,2845,4849886,1111,4995527,3051,6045448,313000,2195
Missouri,2016,9.7,4.575,1.6,9.7,27437,701896,3009,4850569,1017,5000875,2896,6059651,312070,2123
Missouri,2017,8.7,3.75833333,1.6,8.7,27911,703061,2885,4849068,1065,5004537,3173,6075300,311802,2193
Montana,2005,10.7,NA,0.2,10.7,NA,NA,NA,NA,NA,NA,NA,NA,NA,NA
Montana,2006,12.2,NA,0.2,12.2,NA,NA,NA,NA,NA,NA,NA,NA,NA,NA
Montana,2007,13.5,NA,0.2,13.5,5359,NA,NA,NA,NA,NA,NA,NA,NA,NA
Montana,2008,12.2,NA,0.3,12.2,5598,NA,NA,NA,NA,NA,NA,NA,NA,NA
Montana,2009,13.9,6.841667,0.2,13.9,5444,5283,636,840785,453,856153,1211,956257,53339,1071
Montana,2010,12.7,7.3,0.3,12.7,5267,4325,504,857768,258,874571,837,973739,52304,1061
Montana,2011,13,6.941667,0.3,13,5093,4403,464,863867,190,881905,804,982854,52027,831
Montana,2012,13.9,5.983333,0.3,13.9,4939,4145,342,868906,186,887924,875,990785,50724,849
Montana,2013,13,6.941667,0.3,13,4987,4038,356,873108,256,893032,877,998554,49713,831
Montana,2014,12.7,5.408333,0.3,12.7,4860,4563,395,877713,169,899503,838,1006370,49451,940
Montana,2015,12.2,4.658333,0.3,12.2,5081,4757,424,882585,155,904977,877,1014699,48511,863
Montana,2016,11.9,4.125,0.2,11.9,5011,4260,354,888635,152,911907,951,1023391,48194,800
Montana,2017,11.9,3.94166667,0.2,11.9,4883,4438,406,891990,189,916664,942,1029862,48720,783
Nebraska,2005,8.3,NA,0.6,8.3,NA,NA,NA,NA,NA,NA,NA,NA,NA,NA
Nebraska,2006,7.9,NA,0.6,7.9,NA,NA,NA,NA,NA,NA,NA,NA,NA,NA
Nebraska,2007,7.8,NA,0.6,7.8,15108,NA,NA,NA,NA,NA,NA,NA,NA,NA
Nebraska,2008,8.3,NA,0.6,8.3,11693,NA,NA,NA,NA,NA,NA,NA,NA,NA
Nebraska,2009,9.2,4.641667,0.6,9.2,11675,72806,1073,1492444,435,1571458,2425,1772124,102974,1089
Nebraska,2010,9.3,4.625,0.6,9.3,11822,77986,1035,1494958,392,1587857,2192,1799125,104851,1012
Nebraska,2011,7.9,4.391667,0.6,7.9,13319,79828,1242,1498016,458,1600661,2586,1813061,103954,1001
Nebraska,2012,6,4.016667,0.6,6,13367,82341,1246,1500944,377,1612538,2392,1827306,102793,1161
Nebraska,2013,7.3,4.391667,0.6,7.3,8701,84228,1337,1503898,390,1624312,2762,1841625,101586,891
Nebraska,2014,7.3,3.766667,0.6,7.3,8984,86423,1259,1506879,403,1637794,2296,1855617,101632,1030
Nebraska,2015,7.7,3.266667,0.6,7.7,11618,88195,1233,1509631,408,1647551,2364,1869365,101468,1013
Nebraska,2016,7.4,3.066667,0.6,7.4,16534,88388,1320,1511352,531,1655708,2307,1881259,101656,1058
Nebraska,2017,8.2,2.88333333,0.6,8.2,16169,89718,1191,1512046,455,1663612,2725,1893921,101212,1138
Nevada,2005,13.8,NA,0.9,13.8,NA,NA,NA,NA,NA,NA,NA,NA,NA,NA
Nevada,2006,14.8,NA,0.9,14.8,NA,NA,NA,NA,NA,NA,NA,NA,NA,NA
Nevada,2007,15.4,NA,0.9,15.4,31601,NA,NA,NA,NA,NA,NA,NA,NA,NA
Nevada,2008,16.7,NA,0.9,16.7,32083,NA,NA,NA,NA,NA,NA,NA,NA,NA
Nevada,2009,15.7,11.3,0.8,15.7,19593,190093,1709,1462384,752,1909349,6421,2545763,138264,1926
Nevada,2010,15,13.5,0.8,15,20799,207567,1732,1466994,643,1938033,5495,2633331,143953,1530
Nevada,2011,14.6,13.01667,0.8,14.6,20522,214360,2486,1466177,774,1960913,7186,2673396,147192,1762
Nevada,2012,14.7,11.19167,0.8,14.7,17277,218305,2336,1462400,698,1970074,5244,2704204,149473,1770
Nevada,2013,14.6,13.01667,0.8,14.6,19815,224424,1988,1457795,717,1948808,6844,2730066,150649,1540
Nevada,2014,14.4,9.625,0.8,14.4,27307,229638,2551,1455192,653,1935379,6910,2761584,151973,1442
Nevada,2015,14.3,7.916667,0.8,14.3,25555,235721,2175,1455277,675,1929661,6519,2798636,153277,1672
Nevada,2016,12.1,5.733333,0.8,12.1,26607,243552,2195,1455508,752,1933057,5767,2839172,154118,1655
Nevada,2017,12.7,5.05,0.8,12.7,29185,253013,2390,1457272,745,1936453,5484,2887725,154344,1426
New Hampshire,2005,10.4,NA,0.4,10.4,NA,NA,NA,NA,NA,NA,NA,NA,NA,NA
New Hampshire,2006,10.1,NA,0.4,10.1,NA,NA,NA,NA,NA,NA,NA,NA,NA,NA
New Hampshire,2007,9.7,NA,0.4,9.7,3607,NA,NA,NA,NA,NA,NA,NA,NA,NA
New Hampshire,2008,10.6,NA,0.4,10.6,2911,NA,NA,NA,NA,NA,NA,NA,NA,NA
New Hampshire,2009,10.8,6.225,0.4,10.8,3588,14227,542,1224282,463,1246855,1143,1315419,75600,964
New Hampshire,2010,10.2,5.833333,0.4,10.2,4645,14186,522,1217683,664,1241539,1408,1313939,75343,956
New Hampshire,2011,11.1,5.408333,0.4,11.1,4150,14520,620,1216365,523,1241530,1257,1315911,74394,982
New Hampshire,2012,10.5,5.483333,0.4,10.5,3544,15339,783,1214875,426,1241440,1107,1317474,73304,1068
New Hampshire,2013,9.6,5.408333,0.4,9.6,4158,16011,729,1212922,553,1240404,1240,1319171,72122,1078
New Hampshire,2014,9.9,5.083333,0.4,9.9,3757,16293,877,1210946,522,1239543,1211,1321069,70460,976
New Hampshire,2015,9.7,4.283333,0.4,9.7,3929,17439,946,1210369,554,1241313,1221,1324201,69539,935
New Hampshire,2016,9.4,2.866667,0.4,9.4,4029,17483,942,1211271,462,1243594,1092,1327503,67875,1080
New Hampshire,2017,11.3,2.725,0.4,11.3,4399,18632,922,1211110,564,1244260,1071,1331848,66638,935
New Jersey,2005,20.5,NA,3.4,20.5,NA,NA,NA,NA,NA,NA,NA,NA,NA,NA
New Jersey,2006,20.1,NA,3.4,20.1,NA,NA,NA,NA,NA,NA,NA,NA,NA,NA
New Jersey,2007,19.2,NA,3.3,19.2,60895,NA,NA,NA,NA,NA,NA,NA,NA,NA
New Jersey,2008,18.3,NA,3.4,18.3,57595,NA,NA,NA,NA,NA,NA,NA,NA,NA
New Jersey,2009,19.3,9.033333,3.4,19.3,51872,1175670,3214,5365228,2055,6073393,8719,8650548,496177,3141
New Jersey,2010,17.1,9.533333,3.3,17.1,50430,1176241,3630,5282611,1745,6074010,7853,8721577,506571,3114
New Jersey,2011,16.1,9.341667,3.2,16.1,46461,1180649,4016,5243145,2031,6095247,7747,8753064,502448,2993
New Jersey,2012,16.1,9.333333,3.2,16.1,42146,1187307,4168,5208824,1799,6121023,9254,8793888,497525,2864
New Jersey,2013,16,9.341667,3.2,16,42239,1197753,4186,5170824,1862,6108784,9265,8832406,492435,2790
New Jersey,2014,16.5,8.241667,3.1,16.5,41914,1201339,4521,5131568,2063,6094052,8438,8874374,487629,2746
New Jersey,2015,15.4,6.741667,3.1,15.4,42784,1202300,3937,5093430,1856,6083940,7433,8904413,485679,2700
New Jersey,2016,16.1,4.983333,3.1,16.1,43858,1207221,4790,5054611,1884,6075710,9686,8915456,482369,2763
New Jersey,2017,16.2,4.61666667,3,16.2,42555,1207356,3964,5023606,1365,6085474,9750,8960161,479492,2747
New Mexico,2005,8.1,NA,0.6,8.1,NA,NA,NA,NA,NA,NA,NA,NA,NA,NA
New Mexico,2006,7.8,NA,0.6,7.8,NA,NA,NA,NA,NA,NA,NA,NA,NA,NA
New Mexico,2007,7.7,NA,0.6,7.7,24680,NA,NA,NA,NA,NA,NA,NA,NA,NA
New Mexico,2008,7.2,NA,0.6,7.2,23627,NA,NA,NA,NA,NA,NA,NA,NA,NA
New Mexico,2009,6.7,7.508333,0.6,6.7,21954,43332,1210,816944,772,1381186,6835,1964860,117853,1718
New Mexico,2010,7.3,8.1,0.6,7.3,39287,39935,1181,832107,596,1433955,6242,2013122,121945,1691
New Mexico,2011,6.8,7.516667,0.6,6.8,47381,41082,1180,832435,495,1467191,5509,2037136,120067,1484
New Mexico,2012,6.5,7.116667,0.5,6.5,51294,41634,1440,831543,624,1492641,6555,2055287,118004,1449
New Mexico,2013,6.2,7.516667,0.5,6.2,8913,42196,1441,828574,572,1511087,5336,2069706,117463,1732
New Mexico,2014,5.7,6.941667,0.5,5.7,13775,42515,1155,824291,640,1521876,4524,2080085,116526,1357
New Mexico,2015,6.2,6.675,0.5,6.2,16415,43738,1304,817048,880,1524911,6557,2084117,115390,1531
New Mexico,2016,6.3,6.616667,0.5,6.3,17890,41957,1254,805603,694,1530636,6567,2082669,114784,1417
New Mexico,2017,6.7,5.85,0.5,6.7,18542,42187,1066,795728,607,1547843,5960,2084828,113313,1613
New York,2005,26.1,NA,7.8,26.1,NA,NA,NA,NA,NA,NA,NA,NA,NA,NA
New York,2006,24.4,NA,7.8,24.4,NA,NA,NA,NA,NA,NA,NA,NA,NA,NA
New York,2007,25.2,NA,7.7,25.2,57261,NA,NA,NA,NA,NA,NA,NA,NA,NA
New York,2008,24.9,NA,7.5,24.9,78068,NA,NA,NA,NA,NA,NA,NA,NA,NA
New York,2009,25.2,8.316667,8,25.2,91228,3024739,6743,11721101,2955,13031404,11601,19423896,1121580,3919
New York,2010,24.2,8.591667,8.1,24.2,101746,2990591,7695,11374937,2337,12764402,12714,19229752,1106748,4579
New York,2011,24.1,8.3,8,24.1,98018,3013740,7249,11330687,2122,12768805,14493,19302448,1092498,4427
New York,2012,23.2,8.516667,8.2,23.2,83784,3037255,8175,11300531,2193,12808268,14229,19398125,1072849,4186
New York,2013,24.4,8.3,8.1,24.4,103085,3042152,7188,11264136,2170,12779326,15614,19487053,1051258,4581
New York,2014,24.6,7.708333,8.1,24.6,63360,3060048,6792,11220383,2140,12733518,15643,19594330,1036213,4196
New York,2015,24.7,6.333333,8.2,24.7,102258,3070392,8048,11170518,2241,12704637,16077,19673174,1020556,4206
New York,2016,23.6,4.85,8.2,23.6,102873,3073278,7500,11111314,2526,12667413,15437,19697457,1005920,3894
New York,2017,23.8,4.675,8.2,23.8,104917,3100685,8707,11071563,2453,12638791,15933,19798228,991029,4380
North Carolina,2005,2.9,NA,2.7,2.9,NA,NA,NA,NA,NA,NA,NA,NA,NA,NA
North Carolina,2006,3.3,NA,2.8,3.3,NA,NA,NA,NA,NA,NA,NA,NA,NA,NA
North Carolina,2007,3,NA,2.7,3,42903,NA,NA,NA,NA,NA,NA,NA,NA,NA
North Carolina,2008,3.5,NA,2.8,3.5,43367,NA,NA,NA,NA,NA,NA,NA,NA,NA
North Carolina,2009,3.1,10.575,2.8,3.1,41806,1909832,3802,6100974,1930,6375420,6229,9045705,493763,3311
North Carolina,2010,3.2,10.81667,2.8,3.2,42633,1980942,3811,6129064,1532,6453727,6883,9271178,509874,3309
North Carolina,2011,2.9,10.26667,2.7,2.9,40586,2016228,3711,6183777,1613,6560948,6624,9418736,511706,3248
North Carolina,2012,2.9,9.291667,2.7,2.9,26545,2047092,4708,6227534,1489,6659867,6756,9544249,513516,3204
North Carolina,2013,3,10.26667,2.7,3,35635,2068726,3639,6261792,1446,6727690,6914,9651380,514639,3347
North Carolina,2014,1.9,7.958333,2.7,1.9,37194,2093389,4044,6294528,1397,6784901,7434,9750405,514837,2965
North Carolina,2015,3,6.316667,2.8,3,62831,2115338,4527,6324373,1757,6839831,7865,9845333,516649,2813
North Carolina,2016,3,5.083333,2.8,3,54683,2137131,4847,6361438,1546,6882915,8207,9940828,524092,3333
North Carolina,2017,3.4,4.475,2.8,3.4,54127,2159427,4712,6397460,1606,6937466,7269,10052564,531877,3279
North Dakota,2005,7.3,NA,0.2,7.3,NA,NA,NA,NA,NA,NA,NA,NA,NA,NA
North Dakota,2006,6.8,NA,0.2,6.8,NA,NA,NA,NA,NA,NA,NA,NA,NA,NA
North Dakota,2007,6.4,NA,0.2,6.4,4253,NA,NA,NA,NA,NA,NA,NA,NA,NA
North Dakota,2008,6.1,NA,0.2,6.1,5952,NA,NA,NA,NA,NA,NA,NA,NA,NA
North Dakota,2009,6.8,4.1,0.2,6.8,5642,6029,446,573317,253,580184,594,639725,34199,719
North Dakota,2010,7.4,3.783333,0.2,7.4,7093,7034,453,590077,314,597392,602,659858,35333,663
North Dakota,2011,6.3,3.466667,0.3,6.3,11394,7231,388,594594,154,602373,637,666783,34059,632
North Dakota,2012,6.1,3.066667,0.3,6.1,13024,8286,499,600528,125,608799,532,676253,33250,602
North Dakota,2013,6.4,3.466667,0.3,6.4,6725,9273,564,608963,131,618098,581,689781,32540,563
North Dakota,2014,5,2.916667,0.3,5,6646,10781,650,618458,147,628770,574,704925,32891,614
North Dakota,2015,5.4,2.666667,0.3,5.4,6538,11872,673,628158,137,640208,790,721640,32761,675
North Dakota,2016,5.5,3.091667,0.3,5.5,6776,14761,623,635834,107,649730,1014,736162,32976,777
North Dakota,2017,5.1,2.66666667,0.3,5.1,6520,17365,618,638773,375,654024,859,745475,32714,682
Ohio,2005,16,NA,3.6,16,NA,NA,NA,NA,NA,NA,NA,NA,NA,NA
Ohio,2006,14.2,NA,3.5,14.2,NA,NA,NA,NA,NA,NA,NA,NA,NA,NA
Ohio,2007,14.1,NA,3.4,14.1,32272,NA,NA,NA,NA,NA,NA,NA,NA,NA
Ohio,2008,14.2,NA,3.4,14.2,32747,NA,NA,NA,NA,NA,NA,NA,NA,NA
Ohio,2009,14.2,10.29167,3.3,14.2,32332,1349893,3043,9496777,1036,9669759,3660,11511858,661658,3509
Ohio,2010,13.7,10.24167,3.3,13.7,32387,1391240,3233,9398011,1382,9598726,3880,11512431,666975,3844
Ohio,2011,13.4,8.85,3.4,13.4,32355,1395378,4111,9378209,1332,9592249,3826,11525536,658855,3368
Ohio,2012,12.6,7.408333,3.3,12.6,35570,1403238,3782,9353385,1090,9577732,3384,11533561,648510,2835
Ohio,2013,12.6,8.85,3.3,12.6,33030,1402897,3551,9336539,1345,9569431,3966,11549590,638528,3470
Ohio,2014,12.4,7.425,3.4,12.4,35855,1407493,4556,9311563,1211,9549343,3234,11560380,627756,3254
Ohio,2015,12.3,5.8,3.4,12.3,34726,1412045,3799,9291303,1133,9538328,3446,11575977,626178,2918
Ohio,2016,12.4,5.041667,3.3,12.4,33593,1421943,4339,9265123,1381,9519506,3645,11586941,620393,3159
Ohio,2017,12.5,4.96666667,3.3,12.5,33008,1428230,3833,9243187,1540,9503779,3426,11609756,616389,3251
Oklahoma,2005,5.4,NA,1,5.4,NA,NA,NA,NA,NA,NA,NA,NA,NA,NA
Oklahoma,2006,6.4,NA,1,6.4,NA,NA,NA,NA,NA,NA,NA,NA,NA,NA
Oklahoma,2007,7.1,NA,1,7.1,11631,NA,NA,NA,NA,NA,NA,NA,NA,NA
Oklahoma,2008,6.6,NA,1.1,6.6,11372,NA,NA,NA,NA,NA,NA,NA,NA,NA
Oklahoma,2009,5.7,6.383333,1,5.7,11895,264756,2001,2581825,567,2720673,3406,3610073,201198,1747
Oklahoma,2010,5.5,6.775,1,5.5,11604,267179,2025,2559664,741,2720135,3168,3675339,204282,1922
Oklahoma,2011,6.4,5.875,1.1,6.4,12027,270192,2076,2567299,738,2743563,3750,3714520,202617,1718
Oklahoma,2012,7.5,5.266667,1.1,7.5,12215,270993,2182,2573810,506,2766297,3791,3749005,201117,1690
Oklahoma,2013,7.5,5.875,1.1,7.5,11863,273421,1656,2582335,551,2783609,3397,3785742,198343,1763
Oklahoma,2014,6,5.283333,1.1,6,12994,277007,2125,2587971,522,2799122,3701,3818851,197989,1536
Oklahoma,2015,5.6,4.508333,1,5.6,12772,278571,2141,2591292,601,2813794,3249,3849733,200143,1366
Oklahoma,2016,5.4,4.808333,1,5.4,15913,281295,1951,2593871,492,2823497,3414,3875589,200593,1449
Oklahoma,2017,5.5,4.24166667,1,5.5,15923,283821,1838,2589210,553,2828569,3417,3896251,203412,1591
Oregon,2005,14.5,NA,1.1,14.5,NA,NA,NA,NA,NA,NA,NA,NA,NA,NA
Oregon,2006,13.8,NA,1.1,13.8,NA,NA,NA,NA,NA,NA,NA,NA,NA,NA
Oregon,2007,14.3,NA,1.1,14.3,21221,NA,NA,NA,NA,NA,NA,NA,NA,NA
Oregon,2008,16.6,NA,1.1,16.6,45032,NA,NA,NA,NA,NA,NA,NA,NA,NA
Oregon,2009,17,11.25833,1.1,17,49068,64995,1479,2995968,842,3214583,4908,3727407,201815,2133
Oregon,2010,16.2,10.60833,1.1,16.2,17899,66427,1675,2984428,817,3220250,4866,3761925,201968,1923
Oregon,2011,17.1,9.5,1.1,17.1,19977,68155,1463,2996677,1231,3245856,5169,3801991,198907,1639
Oregon,2012,15.7,8.825,1.1,15.7,18508,69377,1668,3008356,1203,3272707,4644,3836628,196082,1949
Oregon,2013,13.9,9.5,1.1,13.9,19480,70328,1630,3018414,942,3297149,5543,3868721,195070,1837
Oregon,2014,15.6,7.875,1.1,15.6,18182,70700,1405,3027597,1236,3317668,5443,3900343,193481,1629
Oregon,2015,14.8,6.766667,1.1,14.8,20412,72837,1727,3043010,1114,3352941,5739,3939233,195459,1987
Oregon,2016,13.5,4.808333,1.1,13.5,24584,74012,1487,3066467,885,3387825,5055,3982267,195439,1982
Oregon,2017,14.9,4.11666667,1.2,14.9,42725,76347,1495,3079995,882,3416776,5193,4025127,196728,1751
Pennsylvania,2005,13.8,NA,3.9,13.8,NA,NA,NA,NA,NA,NA,NA,NA,NA,NA
Pennsylvania,2006,13.6,NA,3.8,13.6,NA,NA,NA,NA,NA,NA,NA,NA,NA,NA
Pennsylvania,2007,15.1,NA,3.9,15.1,37790,NA,NA,NA,NA,NA,NA,NA,NA,NA
Pennsylvania,2008,15.4,NA,4,15.4,35185,NA,NA,NA,NA,NA,NA,NA,NA,NA
Pennsylvania,2009,15,8.05,4,15,35896,1300350,4018,10197278,1769,10482799,5506,12516596,685529,3359
Pennsylvania,2010,14.7,8.433333,4,14.7,34258,1347052,4117,10124301,1640,10460096,5349,12612705,694160,2874
Pennsylvania,2011,14.6,7.925,4,14.6,30989,1358759,4065,10107947,1734,10473096,5796,12660739,685921,2882
Pennsylvania,2012,13.5,7.825,4,13.5,32186,1372144,4759,10084398,1592,10475818,4860,12699589,675221,2686
Pennsylvania,2013,12.7,7.925,4,12.7,32904,1385799,4529,10057586,1358,10467433,6103,12731381,663526,2867
Pennsylvania,2014,12.7,7.341667,3.9,12.7,32891,1395718,4383,10020439,1510,10449680,6568,12758729,653603,2840
Pennsylvania,2015,13.3,5.875,3.9,13.3,34331,1403143,4887,9979754,1368,10430142,6669,12779559,644353,2889
Pennsylvania,2016,12.1,5.391667,3.9,12.1,34479,1410563,4935,9934801,1371,10402743,4678,12783977,635645,3541
Pennsylvania,2017,12,4.88333333,3.8,12,33893,1417611,4450,9881135,1323,10378174,6319,12790505,632521,2788
Rhode Island,2005,15.9,NA,0.3,15.9,NA,NA,NA,NA,NA,NA,NA,NA,NA,NA
Rhode Island,2006,15.3,NA,0.3,15.3,NA,NA,NA,NA,NA,NA,NA,NA,NA,NA
Rhode Island,2007,15,NA,0.3,15,7256,NA,NA,NA,NA,NA,NA,NA,NA,NA
Rhode Island,2008,16.5,NA,0.3,16.5,1168,NA,NA,NA,NA,NA,NA,NA,NA,NA
Rhode Island,2009,17.9,10.975,0.3,17.9,9772,57658,1546,830540,779,875224,2355,1057381,57481,1171
Rhode Island,2010,16.4,11.2,0.3,16.4,9331,62082,1498,818087,777,866678,2389,1056389,56475,989
Rhode Island,2011,17.4,11.025,0.3,17.4,13052,62682,1704,810737,787,863294,2454,1053959,55857,1140
Rhode Island,2012,17.8,10.39167,0.3,17.8,12864,64711,1990,803802,864,859686,2564,1052471,55043,878
Rhode Island,2013,16.9,11.025,0.3,16.9,12660,66569,2004,796516,903,855594,2848,1051695,53857,1012
Rhode Island,2014,15.1,9.266667,0.3,15.1,7361,66827,1879,790922,841,856605,2919,1053252,53544,971
Rhode Island,2015,14.2,7.691667,0.3,14.2,11650,68243,1838,785245,872,854859,2731,1053661,52485,895
Rhode Island,2016,15.5,5.191667,0.3,15.5,14295,68886,1921,780278,891,854026,2962,1054491,51551,1062
Rhode Island,2017,16.1,4.41666667,0.3,16.1,14709,68346,1790,773388,955,854801,2955,1056138,50080,1009
South Carolina,2005,2.3,NA,1.1,2.3,NA,NA,NA,NA,NA,NA,NA,NA,NA,NA
South Carolina,2006,3.3,NA,1.1,3.3,NA,NA,NA,NA,NA,NA,NA,NA,NA,NA
South Carolina,2007,4.1,NA,1.1,4.1,13350,NA,NA,NA,NA,NA,NA,NA,NA,NA
South Carolina,2008,3.9,NA,1.1,3.9,15295,NA,NA,NA,NA,NA,NA,NA,NA,NA
South Carolina,2009,4.5,11.23333,1.1,4.5,16889,1245855,2415,2873273,1042,2977453,2571,4416867,246093,2094
South Carolina,2010,4.6,11.13333,1.1,4.6,17275,1269484,2440,2907675,1065,3034000,3442,4511428,249543,2064
South Carolina,2011,3.4,10.54167,1.1,3.4,17390,1281627,2261,2940064,1042,3075318,2767,4575864,248872,2096
South Carolina,2012,3.3,9.2,1.1,3.3,17630,1290704,3071,2967590,966,3108466,3314,4630351,248164,2187
South Carolina,2013,3.7,10.54167,1.1,3.7,18209,1298534,2460,2995377,678,3144146,3614,4679602,247347,2234
South Carolina,2014,2.2,7.616667,1.1,2.2,19048,1305347,2652,3021819,624,3176381,3612,4727273,246598,2202
South Carolina,2015,2.1,6.458333,1.1,2.1,20584,1315058,2868,3051116,718,3210708,3608,4777576,247941,2039
South Carolina,2016,1.6,5.033333,1.1,1.6,21450,1322368,2459,3087207,785,3252252,3412,4834605,248431,2141
South Carolina,2017,2.6,4.26666667,1.1,2.6,25992,1332110,3053,3119676,770,3292598,3288,4893444,252133,2472
South Dakota,2005,5.9,NA,0.2,5.9,NA,NA,NA,NA,NA,NA,NA,NA,NA,NA
South Dakota,2006,5.9,NA,0.2,5.9,NA,NA,NA,NA,NA,NA,NA,NA,NA,NA
South Dakota,2007,6.5,NA,0.2,6.5,6931,NA,NA,NA,NA,NA,NA,NA,NA,NA
South Dakota,2008,5,NA,0.2,5,6707,NA,NA,NA,NA,NA,NA,NA,NA,NA
South Dakota,2009,5.5,4.925,0.3,5.5,7634,7547,474,684438,279,693239,923,796513,45417,1004
South Dakota,2010,5.6,4.975,0.3,5.6,8579,8874,619,682633,567,692330,1051,799462,45967,1110
South Dakota,2011,5.1,4.725,0.3,5.1,9435,9347,614,686433,274,697042,839,807697,45563,919
South Dakota,2012,5.6,4.266667,0.3,5.6,11722,10331,514,689709,374,701466,883,815871,45895,794
South Dakota,2013,4.8,4.725,0.3,4.8,14208,11531,561,693613,379,706667,939,825198,45240,925
South Dakota,2014,4.9,3.783333,0.3,4.9,16970,12642,568,697982,316,712496,853,834708,45449,757
South Dakota,2015,5.9,3.408333,0.3,5.9,18901,13133,645,701699,450,716691,1087,843190,44575,801
South Dakota,2016,5.2,2.983333,0.3,5.2,19613,14078,644,705403,452,721410,916,851058,44519,752
South Dakota,2017,5.4,3.18333333,0.3,5.4,24214,14698,654,707282,394,724430,1020,855444,43442,712
Tennessee,2005,5.4,NA,1.7,5.4,NA,NA,NA,NA,NA,NA,NA,NA,NA,NA
Tennessee,2006,6,NA,1.7,6,NA,NA,NA,NA,NA,NA,NA,NA,NA,NA
Tennessee,2007,5.3,NA,1.7,5.3,24698,NA,NA,NA,NA,NA,NA,NA,NA,NA
Tennessee,2008,5.5,NA,1.7,5.5,24795,NA,NA,NA,NA,NA,NA,NA,NA,NA
Tennessee,2009,5.1,10.45833,1.7,5.1,19909,1016050,2190,4740106,1062,4875744,3309,6158953,333519,2719
Tennessee,2010,4.7,9.633333,1.7,4.7,22626,1037376,2695,4750495,1123,4910745,3867,6234968,343914,2595
Tennessee,2011,4.6,8.966667,1.7,4.6,25724,1048714,2600,4779890,738,4949985,4041,6297991,343411,2531
Tennessee,2012,4.8,7.825,1.8,4.8,30380,1060494,2551,4801634,862,4982977,3748,6353226,340951,2240
Tennessee,2013,6.1,8.966667,1.7,6.1,40381,1073534,2741,4820109,1015,5007014,4426,6402387,339881,2363
Tennessee,2014,5,7.733333,1.7,5,40804,1082001,2385,4838950,1225,5029109,4328,6451365,337017,2589
Tennessee,2015,5.4,6.6,1.8,5.4,39273,1091070,3037,4856869,989,5059894,4299,6499615,335547,2674
Tennessee,2016,5.7,4.733333,1.8,5.7,36929,1100577,2625,4879669,1205,5096733,3369,6548009,338312,2976
Tennessee,2017,5.7,3.75,1.8,5.7,37035,1107392,2628,4898888,1126,5131786,4392,6597381,340607,2191
Texas,2005,5.3,NA,7.6,5.3,NA,NA,NA,NA,NA,NA,NA,NA,NA,NA
Texas,2006,4.9,NA,7.9,4.9,NA,NA,NA,NA,NA,NA,NA,NA,NA,NA
Texas,2007,4.7,NA,8.2,4.7,704320,NA,NA,NA,NA,NA,NA,NA,NA,NA
Texas,2008,4.5,NA,8.4,4.5,723141,NA,NA,NA,NA,NA,NA,NA,NA,NA
Texas,2009,5.1,7.566667,8.1,5.1,758694,2738904,4821,11378286,2567,17111322,27060,23819042,1425627,6402
Texas,2010,5.4,8.133333,8.3,5.4,643237,2864666,4812,11286712,2249,17503446,24046,24311891,1478743,5502
Texas,2011,5.2,7.758333,8.6,5.2,695515,2917108,5180,11349192,2539,18093212,22645,24774187,1484456,5565
Texas,2012,5.7,6.741667,8.7,5.7,732566,2972834,5850,11415017,2365,18670767,19231,25208897,1495274,6464
Texas,2013,4.8,7.758333,9,4.8,759753,3030970,5978,11488269,2383,19075100,20745,25639373,1501776,5536
Texas,2014,4.8,6.25,9,4.8,849714,3094227,5424,11562453,2136,19499105,19508,26092033,1510330,4844
Texas,2015,4.5,5.116667,8.6,4.5,976738,3152917,5810,11635757,2285,19874610,19131,26538614,1531510,4620
Texas,2016,4,4.633333,8.4,4,1099130,3221133,5524,11705684,2147,20174403,17563,26956435,1548893,5056
Texas,2017,4.7,4.33333333,8.5,4.7,1166581,3286950,7080,11755493,1988,20459525,21474,27419612,1580575,5640
Utah,2005,4.9,NA,0.7,5.3,NA,NA,NA,NA,NA,NA,NA,NA,NA,NA
Utah,2006,5.4,NA,0.8,4.9,NA,NA,NA,NA,NA,NA,NA,NA,NA,NA
Utah,2007,5.8,NA,0.8,4.7,22440,NA,NA,NA,NA,NA,NA,NA,NA,NA
Utah,2008,5.8,NA,0.8,4.5,20493,NA,NA,NA,NA,NA,NA,NA,NA,NA
Utah,2009,6.9,7.316667,0.8,5.1,16559,27229,1117,2176721,617,2376805,4168,2651816,169956,1709
Utah,2010,6.5,7.833333,0.8,5.4,18180,27030,1107,2158993,456,2375876,3938,2657236,171404,1634
Utah,2011,5.8,6.75,0.8,5.2,10199,29056,1170,2192184,623,2426175,3171,2715379,172063,1704
Utah,2012,5.2,5.4,0.8,5.7,20927,29912,1198,2224036,612,2465277,3617,2766233,174270,1714
Utah,2013,3.9,6.75,0.8,4.8,20895,31101,1278,2253922,809,2487467,4158,2813673,179066,1666
Utah,2014,3.7,4.591667,0.8,4.8,22711,31163,1351,2279901,848,2515352,4022,2858111,182157,1821
Utah,2015,3.9,3.816667,0.8,4.5,53940,31909,981,2308090,853,2544735,4907,2903379,187222,1657
Utah,2016,4.7,3.433333,0.8,4,50456,32512,1184,2339279,801,2572595,4550,2948427,191989,1574
Utah,2017,3.9,3.25833333,0.9,4.7,53928,33619,1123,2365205,883,2600077,4245,2993941,195502,1856
Vermont,2005,10.8,NA,0.2,10.8,NA,NA,NA,NA,NA,NA,NA,NA,NA,NA
Vermont,2006,11,NA,0.2,11,NA,NA,NA,NA,NA,NA,NA,NA,NA,NA
Vermont,2007,10.4,NA,0.2,10.4,4013,NA,NA,NA,NA,NA,NA,NA,NA,NA
Vermont,2008,10.4,NA,0.2,10.4,3586,NA,NA,NA,NA,NA,NA,NA,NA,NA
Vermont,2009,12.3,6.566667,0.2,12.3,2715,4820,325,590053,248,595731,535,620414,35363,583
Vermont,2010,11.8,6.083333,0.2,11.8,2255,5494,297,590772,273,596947,521,624258,34544,665
Vermont,2011,12,5.466667,0.2,12,1688,5464,369,590071,273,596736,491,624958,33490,624
Vermont,2012,10.7,4.925,0.2,10.7,2204,5804,326,589350,313,596251,425,625498,32686,547
Vermont,2013,10.9,5.466667,0.2,10.9,2174,6139,335,588820,243,595862,436,625904,32146,636
Vermont,2014,11.1,4.408333,0.2,11.1,2465,6435,325,587883,170,595385,345,626358,31983,560
Vermont,2015,12.6,3.933333,0.2,12.6,2260,6949,379,586547,181,594443,412,626604,32043,563
Vermont,2016,11.5,3.233333,0.2,11.5,3215,7404,344,585154,163,592965,337,626249,31499,606
Vermont,2017,11,2.975,0.2,11,2320,7921,334,582404,155,590499,386,624636,30728,672
Virginia,2005,4.8,NA,2.8,4.8,NA,NA,NA,NA,NA,NA,NA,NA,NA,NA
Virginia,2006,4,NA,2.7,4,NA,NA,NA,NA,NA,NA,NA,NA,NA,NA
Virginia,2007,3.7,NA,2.7,3.7,34513,NA,NA,NA,NA,NA,NA,NA,NA,NA
Virginia,2008,4.1,NA,2.7,4.1,253323,NA,NA,NA,NA,NA,NA,NA,NA,NA
Virginia,2009,4.7,6.683333,2.8,4.7,260464,1510139,3831,5172149,2475,5458832,5757,7721730,419282,3559
Virginia,2010,4.6,7.125,2.8,4.6,262584,1532150,3958,5151070,2085,5479975,6073,7841754,428374,2771
Virginia,2011,4.6,6.591667,2.8,4.6,262953,1545568,3885,5169156,1418,5526985,6695,7926192,429488,3346
Virginia,2012,4.4,6.058333,2.7,4.4,277068,1561042,4367,5191698,1324,5575445,6533,8014955,426809,2826
Virginia,2013,5,6.591667,2.7,5,284977,1568021,4276,5211870,1138,5627076,5673,8100653,425127,2730
Virginia,2014,4.9,5.7,2.6,4.9,281026,1577943,3956,5227415,1146,5668363,6990,8185131,425355,2317
Virginia,2015,5.4,5.233333,2.7,5.4,293788,1589345,3850,5237848,1272,5695147,5990,8256630,426201,2763
Virginia,2016,4.3,4.1,2.6,4.3,296444,1596352,4766,5245259,1312,5712958,5302,8310301,425272,2753
Virginia,2017,4.6,3.7,2.6,4.6,294408,1605447,4024,5238967,1377,5720209,6499,8365952,427420,2523
Washington,2005,19.1,NA,2.3,19.1,NA,NA,NA,NA,NA,NA,NA,NA,NA,NA
Washington,2006,19.8,NA,2.3,19.8,NA,NA,NA,NA,NA,NA,NA,NA,NA,NA
Washington,2007,20.2,NA,2.4,20.2,274138,NA,NA,NA,NA,NA,NA,NA,NA,NA
Washington,2008,19.8,NA,2.4,19.8,71698,NA,NA,NA,NA,NA,NA,NA,NA,NA
Washington,2009,20.2,9.116667,2.4,20.2,61194,220417,2155,4883158,1451,5201398,5408,6465755,365075,2518
Washington,2010,19.4,9.991667,2.4,19.4,60429,229885,2258,4837275,1213,5199167,6255,6561297,372318,2087
Washington,2011,19,9.275,2.4,19,54153,233549,2585,4861907,1137,5256224,6736,6652845,368176,2612
Washington,2012,18.5,8.108333,2.5,18.5,116949,238255,2866,4885262,1136,5304864,6601,6738714,365322,2508
Washington,2013,18.9,9.275,2.5,18.9,121999,245041,2482,4904925,1201,5350938,6455,6819579,363392,2055
Washington,2014,16.8,7.033333,2.5,16.8,129922,250484,3337,4921929,985,5392302,5858,6899123,360812,2324
Washington,2015,16.8,6.125,2.6,16.8,133744,253224,3115,4943228,1236,5434177,7113,6985464,361165,2197
Washington,2016,17.4,5.283333,2.6,17.4,136263,256990,2976,4978375,1073,5470566,8083,7073146,361369,2457
Washington,2017,18.8,4.70833333,2.7,18.8,139782,261743,3295,5001482,1097,5500837,7360,7169967,362602,2567
West Virginia,2005,14.4,NA,0.4,14.4,NA,NA,NA,NA,NA,NA,NA,NA,NA,NA
West Virginia,2006,14.2,NA,0.4,14.2,NA,NA,NA,NA,NA,NA,NA,NA,NA,NA
West Virginia,2007,13.3,NA,0.4,13.3,56204,NA,NA,NA,NA,NA,NA,NA,NA,NA
West Virginia,2008,13.8,NA,0.4,13.8,57238,NA,NA,NA,NA,NA,NA,NA,NA,NA
West Virginia,2009,13.9,7.708333,0.4,13.9,39602,59677,1299,1693100,541,1707128,857,1811403,90564,1181
West Virginia,2010,14.8,8.625,0.4,14.8,40429,58968,1179,1719766,570,1734615,886,1840802,92264,1234
West Virginia,2011,13.8,8.058333,0.4,13.8,40947,58296,1232,1720600,644,1736461,888,1846372,91071,1200
West Virginia,2012,12.1,7.491667,0.4,12.1,42269,58260,1243,1721720,620,1737369,1071,1850481,88422,1262
West Virginia,2013,12.7,8.058333,0.4,12.7,6980,58489,1114,1721469,501,1737996,913,1853619,86677,1004
West Virginia,2014,10.6,6.791667,0.4,10.6,5532,59129,1281,1718871,445,1735816,982,1853881,85998,1258
West Virginia,2015,12.4,6.633333,0.4,12.4,7589,61367,1269,1713434,1018,1732235,1074,1851420,85318,1140
West Virginia,2016,11.8,6.075,0.4,11.8,6781,63305,1338,1706156,663,1725411,962,1846092,84568,1231
West Virginia,2017,11,5.19166667,0.4,11,8617,65300,1310,1694887,889,1714591,1295,1836843,83290,999
Wisconsin,2005,16.1,NA,1.7,16.1,NA,NA,NA,NA,NA,NA,NA,NA,NA,NA
Wisconsin,2006,14.9,NA,1.7,14.9,NA,NA,NA,NA,NA,NA,NA,NA,NA,NA
Wisconsin,2007,14.3,NA,1.7,14.3,33651,NA,NA,NA,NA,NA,NA,NA,NA,NA
Wisconsin,2008,15,NA,1.7,15,43420,NA,NA,NA,NA,NA,NA,NA,NA,NA
Wisconsin,2009,15.2,8.575,1.7,15.2,29685,332660,1907,4762982,755,4911907,3034,5599420,323817,1955
Wisconsin,2010,14.2,8.641667,1.7,14.2,32660,348662,2059,4735425,664,4914551,3726,5637947,324992,1984
Wisconsin,2011,13.3,7.758333,1.7,13.3,34586,352620,1811,4737418,745,4941085,3525,5664893,321787,1801
Wisconsin,2012,11.2,7.033333,1.7,11.2,35125,353470,2124,4737471,681,4961852,3429,5687219,318463,2242
Wisconsin,2013,12.3,7.758333,1.7,12.3,33469,355873,2115,4736069,658,4966900,3840,5706871,313833,1812
Wisconsin,2014,11.7,6.7,1.7,11.7,34241,357758,1998,4733711,712,4965198,4181,5724692,310499,1824
Wisconsin,2015,8.3,5.4,1.7,8.3,33799,360792,1996,4729911,690,4967124,3205,5742117,307667,2011
Wisconsin,2016,8.1,4.016667,1.7,8.1,32255,361730,1940,4727553,559,4961193,3806,5754798,305085,1719
Wisconsin,2017,8.3,3.26666667,1.6,8.3,32685,365884,2046,4715129,651,4950577,3537,5763217,302634,1800
Wyoming,2005,7.9,NA,0.2,7.9,NA,NA,NA,NA,NA,NA,NA,NA,NA,NA
Wyoming,2006,8.3,NA,0.2,8.3,NA,NA,NA,NA,NA,NA,NA,NA,NA,NA
Wyoming,2007,7.9,NA,0.3,7.9,5034,NA,NA,NA,NA,NA,NA,NA,NA,NA
Wyoming,2008,7.7,NA,0.3,7.7,5307,NA,NA,NA,NA,NA,NA,NA,NA,NA
Wyoming,2009,7.7,6.333333,0.2,7.7,4511,4818,472,455152,226,479259,895,523949,29162,644
Wyoming,2010,7.4,6.45,0.2,7.4,4508,4135,323,470732,635,498326,1216,545579,29650,589
Wyoming,2011,7.2,5.791667,0.3,7.2,4377,4309,347,478758,916,506661,1466,554697,29769,647
Wyoming,2012,6.7,5.308333,0.2,6.7,4178,4689,371,481842,365,513021,1398,562803,29810,834
Wyoming,2013,5.7,5.791667,0.2,5.7,4180,5167,348,485654,393,518388,1425,570134,29517,767
Wyoming,2014,6.7,4.716667,0.2,6.7,3491,5958,468,487918,181,522535,1559,575251,29310,819
Wyoming,2015,7.1,4.133333,0.2,7.1,3312,6142,595,489665,167,527763,1422,579679,28856,740
Wyoming,2016,6.3,5.325,0.2,6.3,3549,6435,563,491859,150,531851,1369,583029,29086,770
Wyoming,2017,6,4.18333333,0.2,6,3545,6121,605,491626,210,532394,1178,583200,28578,746